Month,January,February,March,April,May,June,July,August,September
Revenue25,"458,753.00","350,657.20","567,443.00","500,669.00","562,670.54","383,601.56","464,236.88","458,364.24","543,499.28"
Revenue26,"610,448.80","672,653.00","685,430.40","369,942.00","821,319.00","503,060.00","811,002.00","564,351.00","783,710.00"
OperatingMargin25,4.99,-5.22,7.57,14.41,11.94,-9.76,1.38,0.22,2.44
OperatingMargin26,5.19,18.78,6.61,-19.81,38.75,3.14,24.76,18.27,31.68
NetProfitMargin25,4.99,-5.22,7.57,14.41,11.94,-9.76,1.38,0.22,2.44
NetProfitMargin26,5.19,18.78,6.61,-19.81,38.75,3.14,24.76,18.26,31.67
OperatingProfit25,"22,904.05","-18,311.31","42,957.53","72,149.58","67,181.00","-37,447.48","6,443.79","1,021.52","13,271.53"
OperatingProfit26,"31,704.99","126,344.07","45,276.12","-73,284.00","318,247.24","15,780.90","200,818.27","103,101.88","248,272.66"
NetProfit25,"22,904.05","-18,311.31","42,957.53","72,149.58","67,181.00","-37,447.48","6,443.79","1,021.52","13,271.53"
NetProfit26,"31,704.99","126,344.07","45,276.12","-73,284.00","318,247.24","15,780.90","200,818.27","103,101.88","248,272.66"
COGS/Revenue25,46.04,44.28,53.81,42.77,48.43,49.89,52.00,53.24,53.46
COGS/Revenue26,51.62,44.52,55.56,55.98,33.06,47.21,46.10,43.53,39.46
OPEX/Revenue25,73.88,60.94,38.62,42.82,39.63,59.87,46.61,46.53,44.08
OPEX/Revenue26,43.19,36.7,37.83,63.83,28.19,49.65,29.13,38.19,28.85
